[
    {
        "key": "group_5f3a285472b72",
        "title": "Author Info",
        "fields": [
            {
                "key": "field_5f3a3740d496c",
                "label": "Written by",
                "name": "eduker_write_by",
                "type": "text",
                "instructions": "",
                "required": 0,
                "conditional_logic": 0,
                "wrapper": {
                    "width": "",
                    "class": "",
                    "id": ""
                },
                "default_value": "Written by",
                "placeholder": "",
                "prepend": "",
                "append": "",
                "maxlength": ""
            },
            {
                "key": "field_5f3a28b84077d",
                "label": "Facebook",
                "name": "eduker_facebook",
                "type": "url",
                "instructions": "",
                "required": 0,
                "conditional_logic": 0,
                "wrapper": {
                    "width": "",
                    "class": "",
                    "id": ""
                },
                "default_value": "",
                "placeholder": ""
            },
            {
                "key": "field_5f3a2eb908256",
                "label": "Twitter",
                "name": "eduker_twitter",
                "type": "url",
                "instructions": "",
                "required": 0,
                "conditional_logic": 0,
                "wrapper": {
                    "width": "",
                    "class": "",
                    "id": ""
                },
                "default_value": "",
                "placeholder": ""
            },
            {
                "key": "field_5f3a2eb708255",
                "label": "Linkedin",
                "name": "eduker_linkedin",
                "type": "url",
                "instructions": "",
                "required": 0,
                "conditional_logic": 0,
                "wrapper": {
                    "width": "",
                    "class": "",
                    "id": ""
                },
                "default_value": "",
                "placeholder": ""
            },
            {
                "key": "field_5f3a2eb608254",
                "label": "Instagram",
                "name": "eduker_instagram",
                "type": "url",
                "instructions": "",
                "required": 0,
                "conditional_logic": 0,
                "wrapper": {
                    "width": "",
                    "class": "",
                    "id": ""
                },
                "default_value": "",
                "placeholder": ""
            },
            {
                "key": "field_5f3a2eb408252",
                "label": "Youtube",
                "name": "eduker_youtube",
                "type": "url",
                "instructions": "",
                "required": 0,
                "conditional_logic": 0,
                "wrapper": {
                    "width": "",
                    "class": "",
                    "id": ""
                },
                "default_value": "",
                "placeholder": ""
            }
        ],
        "location": [
            [
                {
                    "param": "user_form",
                    "operator": "==",
                    "value": "all"
                }
            ]
        ],
        "menu_order": 0,
        "position": "normal",
        "style": "default",
        "label_placement": "top",
        "instruction_placement": "label",
        "hide_on_screen": "",
        "active": true,
        "description": "",
        "show_in_rest": 0
    },
    {
        "key": "group_5ee5f5398c424",
        "title": "Gallery Post Formatted",
        "fields": [
            {
                "key": "field_5ee5f56ae8e7a",
                "label": "Gallery Images",
                "name": "gallery_images",
                "type": "gallery",
                "instructions": "",
                "required": 0,
                "conditional_logic": 0,
                "wrapper": {
                    "width": "",
                    "class": "",
                    "id": ""
                },
                "return_format": "array",
                "preview_size": "medium",
                "insert": "append",
                "library": "all",
                "min": "",
                "max": "",
                "min_width": "",
                "min_height": "",
                "min_size": "",
                "max_width": "",
                "max_height": "",
                "max_size": "",
                "mime_types": ""
            }
        ],
        "location": [
            [
                {
                    "param": "post_format",
                    "operator": "==",
                    "value": "gallery"
                }
            ]
        ],
        "menu_order": 0,
        "position": "normal",
        "style": "default",
        "label_placement": "top",
        "instruction_placement": "label",
        "hide_on_screen": "",
        "active": true,
        "description": "",
        "show_in_rest": 0
    },
    {
        "key": "group_5ee5a1f9c8794",
        "title": "Page Info",
        "fields": [
            {
                "key": "field_5ee5a2875481b",
                "label": "Is it invisible breadcrumb?",
                "name": "is_it_invisible_breadcrumb",
                "type": "true_false",
                "instructions": "",
                "required": 0,
                "conditional_logic": 0,
                "wrapper": {
                    "width": "20",
                    "class": "",
                    "id": ""
                },
                "message": "Is it invisible breadcrumb?",
                "default_value": 0,
                "ui": 1,
                "ui_on_text": "Yes",
                "ui_off_text": "No"
            },
            {
                "key": "field_5ee5a3275481c",
                "label": "Breadcrumb Background Image",
                "name": "breadcrumb_background_image",
                "type": "image",
                "instructions": "Breadcrumb Background Image",
                "required": 0,
                "conditional_logic": [
                    [
                        {
                            "field": "field_5ee5a2875481b",
                            "operator": "!=",
                            "value": "1"
                        }
                    ]
                ],
                "wrapper": {
                    "width": "20",
                    "class": "",
                    "id": ""
                },
                "return_format": "array",
                "preview_size": "full",
                "library": "all",
                "min_width": "",
                "min_height": "",
                "min_size": "",
                "max_width": "",
                "max_height": "",
                "max_size": "",
                "mime_types": "jpg,png"
            },
            {
                "key": "field_5ee5ba74c315f",
                "label": "Enable Secondary Logo",
                "name": "is_enable_sec_logo",
                "type": "true_false",
                "instructions": "For Enable Secondary Logo Please Go Here",
                "required": 0,
                "conditional_logic": 0,
                "wrapper": {
                    "width": "20",
                    "class": "",
                    "id": ""
                },
                "message": "",
                "default_value": 0,
                "ui": 0,
                "ui_on_text": "",
                "ui_off_text": ""
            },
            {
                "key": "field_5ee5b7e62edef",
                "label": "Header Style",
                "name": "header_style",
                "type": "select",
                "instructions": "Please chose header style.",
                "required": 0,
                "conditional_logic": 0,
                "wrapper": {
                    "width": "20",
                    "class": "",
                    "id": ""
                },
                "choices": {
                    "header-style-1": "Header Style 1",
                    "header-style-2": "Header Style 2",
                    "header-style-3": "Header Style 3"
                },
                "default_value": "header-style-1",
                "allow_null": 1,
                "multiple": 0,
                "ui": 0,
                "return_format": "value",
                "ajax": 0,
                "placeholder": ""
            },
            {
                "key": "field_5efb0ded987fe",
                "label": "Footer Style",
                "name": "footer_style",
                "type": "select",
                "instructions": "Please chose footer style.",
                "required": 0,
                "conditional_logic": 0,
                "wrapper": {
                    "width": "20",
                    "class": "",
                    "id": ""
                },
                "choices": {
                    "footer-style-1": "Footer Style 1",
                    "footer-style-2": "Footer Style 2",
                    "footer-style-3": "Footer Style 3"
                },
                "default_value": "footer-style-1",
                "allow_null": 1,
                "multiple": 0,
                "ui": 0,
                "return_format": "value",
                "ajax": 0,
                "placeholder": ""
            },
            {
                "key": "field_5f0d8782e4a95",
                "label": "Footer BG Image",
                "name": "sixart_footer_bg",
                "type": "image",
                "instructions": "",
                "required": 0,
                "conditional_logic": 0,
                "wrapper": {
                    "width": "20",
                    "class": "",
                    "id": ""
                },
                "return_format": "array",
                "preview_size": "medium",
                "library": "all",
                "min_width": "",
                "min_height": "",
                "min_size": "",
                "max_width": "",
                "max_height": "",
                "max_size": "",
                "mime_types": ""
            },
            {
                "key": "field_5f0d88eae4a96",
                "label": "Footer BG Color",
                "name": "sixart_footer_bg_color",
                "type": "color_picker",
                "instructions": "",
                "required": 0,
                "conditional_logic": 0,
                "wrapper": {
                    "width": "20",
                    "class": "",
                    "id": ""
                },
                "default_value": "",
                "enable_opacity": 0,
                "return_format": "string"
            }
        ],
        "location": [
            [
                {
                    "param": "post_type",
                    "operator": "==",
                    "value": "page"
                }
            ]
        ],
        "menu_order": 0,
        "position": "normal",
        "style": "default",
        "label_placement": "top",
        "instruction_placement": "label",
        "hide_on_screen": "",
        "active": true,
        "description": "",
        "show_in_rest": 0
    },
    {
        "key": "group_5f0ff04d9426c",
        "title": "Portfolio",
        "fields": [
            {
                "key": "field_5f8ee8f70c702",
                "label": "Gallery",
                "name": "department_gallery",
                "type": "gallery",
                "instructions": "",
                "required": 0,
                "conditional_logic": 0,
                "wrapper": {
                    "width": "50",
                    "class": "",
                    "id": ""
                },
                "return_format": "array",
                "preview_size": "medium",
                "insert": "append",
                "library": "all",
                "min": "",
                "max": "",
                "min_width": "",
                "min_height": "",
                "min_size": "",
                "max_width": "",
                "max_height": "",
                "max_size": "",
                "mime_types": ""
            },
            {
                "key": "field_6018dc587322a",
                "label": "Department Info List",
                "name": "department_info_list",
                "type": "group",
                "instructions": "",
                "required": 0,
                "conditional_logic": 0,
                "wrapper": {
                    "width": "50",
                    "class": "",
                    "id": ""
                },
                "layout": "block",
                "sub_fields": [
                    {
                        "key": "field_6018dc886b702",
                        "label": "Sub title",
                        "name": "case_sub_title",
                        "type": "text",
                        "instructions": "",
                        "required": 0,
                        "conditional_logic": 0,
                        "wrapper": {
                            "width": "50",
                            "class": "",
                            "id": ""
                        },
                        "default_value": "Branding Creative:",
                        "placeholder": "",
                        "prepend": "",
                        "append": "",
                        "maxlength": ""
                    },
                    {
                        "key": "field_6018dcf46b703",
                        "label": "Case date",
                        "name": "case_date",
                        "type": "text",
                        "instructions": "",
                        "required": 0,
                        "conditional_logic": 0,
                        "wrapper": {
                            "width": "50",
                            "class": "",
                            "id": ""
                        },
                        "default_value": "June 14, 2021",
                        "placeholder": "",
                        "prepend": "",
                        "append": "",
                        "maxlength": ""
                    },
                    {
                        "key": "field_6018dd056b704",
                        "label": "Category label",
                        "name": "case_cat_label",
                        "type": "text",
                        "instructions": "",
                        "required": 0,
                        "conditional_logic": 0,
                        "wrapper": {
                            "width": "50",
                            "class": "",
                            "id": ""
                        },
                        "default_value": "Category:",
                        "placeholder": "",
                        "prepend": "",
                        "append": "",
                        "maxlength": ""
                    },
                    {
                        "key": "field_6018dd6029530",
                        "label": "Case cat title",
                        "name": "case_cat_title",
                        "type": "text",
                        "instructions": "",
                        "required": 0,
                        "conditional_logic": 0,
                        "wrapper": {
                            "width": "50",
                            "class": "",
                            "id": ""
                        },
                        "default_value": "UX Design, Art Direction, Consulting",
                        "placeholder": "",
                        "prepend": "",
                        "append": "",
                        "maxlength": ""
                    },
                    {
                        "key": "field_6018de0c29531",
                        "label": "Customer label",
                        "name": "case_customer_label",
                        "type": "text",
                        "instructions": "",
                        "required": 0,
                        "conditional_logic": 0,
                        "wrapper": {
                            "width": "50",
                            "class": "",
                            "id": ""
                        },
                        "default_value": "Customer:",
                        "placeholder": "",
                        "prepend": "",
                        "append": "",
                        "maxlength": ""
                    },
                    {
                        "key": "field_6018de6529532",
                        "label": "Customer text",
                        "name": "case_customer_text",
                        "type": "text",
                        "instructions": "",
                        "required": 0,
                        "conditional_logic": 0,
                        "wrapper": {
                            "width": "50",
                            "class": "",
                            "id": ""
                        },
                        "default_value": "Envato Market",
                        "placeholder": "",
                        "prepend": "",
                        "append": "",
                        "maxlength": ""
                    }
                ]
            },
            {
                "key": "field_6018e7ded4948",
                "label": "Project Button Text",
                "name": "project_button",
                "type": "text",
                "instructions": "",
                "required": 0,
                "conditional_logic": 0,
                "wrapper": {
                    "width": "",
                    "class": "",
                    "id": ""
                },
                "default_value": "Show Project",
                "placeholder": "",
                "prepend": "",
                "append": "",
                "maxlength": ""
            }
        ],
        "location": [
            [
                {
                    "param": "post_type",
                    "operator": "==",
                    "value": "post"
                }
            ]
        ],
        "menu_order": 0,
        "position": "normal",
        "style": "default",
        "label_placement": "top",
        "instruction_placement": "label",
        "hide_on_screen": "",
        "active": true,
        "description": "",
        "show_in_rest": 0
    },
    {
        "key": "group_5ee5c87c21be4",
        "title": "Post Formatted",
        "fields": [
            {
                "key": "field_5ee5e1f7dfd22",
                "label": "Fromate Link",
                "name": "fromate_style",
                "type": "text",
                "instructions": "",
                "required": 0,
                "conditional_logic": 0,
                "wrapper": {
                    "width": "",
                    "class": "",
                    "id": ""
                },
                "default_value": "",
                "placeholder": "",
                "prepend": "",
                "append": "",
                "maxlength": ""
            }
        ],
        "location": [
            [
                {
                    "param": "post_format",
                    "operator": "==",
                    "value": "video"
                }
            ],
            [
                {
                    "param": "post_format",
                    "operator": "==",
                    "value": "audio"
                }
            ]
        ],
        "menu_order": 0,
        "position": "normal",
        "style": "default",
        "label_placement": "top",
        "instruction_placement": "label",
        "hide_on_screen": "",
        "active": true,
        "description": "",
        "show_in_rest": false
    }
]