{"blog-sidebar":{"search-2":{"title":"Search Here"},"tp-latest-posts-2":{"title":"Recent Post","count":"3","posts_order":"DESC"},"categories-2":{"title":"Categories","count":0,"hierarchical":0,"dropdown":0},"tag_cloud-2":{"title":"Tags","count":0,"taxonomy":"post_tag"}},"footer-1":{"nav_menu-10":{"title":"CONTACT INFO","nav_menu":6}},"footer-2":{"nav_menu-11":{"title":"USE CASES","nav_menu":7}},"footer-3":{"nav_menu-12":{"title":"RESOURCES","nav_menu":8}},"footer-4":{"media_gallery-2":{"title":"","ids":[174,173,172,175],"columns":2,"size":"thumbnail","link_type":"post","orderby_random":false}},"footer-2-1":{"nav_menu-2":{"title":"PRODUCT","nav_menu":3}},"footer-2-2":{"nav_menu-3":{"title":"USE CASES","nav_menu":4}},"footer-2-3":{"nav_menu-4":{"title":"RESOURCES","nav_menu":5}},"footer-2-4":{"nav_menu-5":{"title":"PRODUCT","nav_menu":3}},"footer-2-5":{"custom_html-2":{"title":"CONTACT US","content":"<div class=\"tp-footer-widget__list\">\r\n                        <ul class=\"footer-position\">\r\n                           <li><a href=\"https:\/\/www.google.com\/maps\/@38.4999525,-103.0632285,6.46z\" target=\"_blank\">\r\n                              <span><i class=\"fal fa-map-marker-alt\"><\/i><\/span>\r\n                              Wisconsin Ave, Suite 700\r\n                              Chevy Chase, Maryland 20815<\/a>\r\n                           <\/li>\r\n                           <li><a href=\"mailto:support@figma\">\r\n                              <span><i class=\"fal fa-envelope-open\"><\/i><\/span>\r\n                              support@figma.com<\/a>\r\n                           <\/li>\r\n                           <li><a href=\"tel:778886664\">\r\n                              <span><i class=\"fal fa-phone-alt\"><\/i><\/span>\r\n                               088 (778 886 664)<\/a>\r\n                           <\/li>\r\n                        <\/ul>\r\n                     <\/div>"}},"footer-3-1":{"nav_menu-6":{"title":"PRODUCT","nav_menu":3}},"footer-3-2":{"nav_menu-7":{"title":"USE CASES","nav_menu":4}},"footer-3-3":{"nav_menu-8":{"title":"RESOURCES","nav_menu":5}},"footer-3-4":{"nav_menu-9":{"title":"PRODUCT","nav_menu":3}},"footer-3-5":{"custom_html-3":{"title":"CONTACT US","content":"<div class=\"tp-footer-widget__list\">\r\n                           <ul class=\"footer-position\">\r\n                              <li><a href=\"https:\/\/www.google.com\/maps\/@38.4999525,-103.0632285,6.46z\" target=\"_blank\">\r\n                                 <span><i class=\"fal fa-map-marker-alt\"><\/i><\/span>\r\n                                 Wisconsin Ave, Suite 700\r\n                                 Chevy Chase, Maryland 20815<\/a>\r\n                              <\/li>\r\n                              <li><a href=\"mailto:support@figma\">\r\n                                 <span><i class=\"fal fa-envelope-open\"><\/i><\/span>\r\n                                 support@figma.com<\/a>\r\n                              <\/li>\r\n                              <li><a href=\"tel:778886664\">\r\n                                 <span><i class=\"fal fa-phone-alt\"><\/i><\/span>\r\n                                  088 (778 886 664)<\/a>\r\n                              <\/li>\r\n                           <\/ul>\r\n                        <\/div>"}}}